symbol,description,exch,last,volume,high,low,close,change,average_volume,volatility,date
ACCS,ACCESS Newswire Inc,A,7.1508,16283,7.1508,6.78,7.1508,0.08,0,0.0518543379761705,2026-03-14
ACU,Acme United Corp,A,43.8,20185,43.98,43.12,43.8,1.13,7275,0.019634703196347022,2026-03-14
AEF,"ABERDEEN EMERGING MARKETS EQUITY INCOME FUND, INC.",A,7.41,115411,7.6531,7.4,7.41,-0.12,52990,0.03415654520917677,2026-03-14
AEON,AEON Biopharma Inc,A,1.11,69625,1.22,1.05,1.11,-0.06,181158,0.1531531531531531,2026-03-14
AGIG,Abundia Global Impact Group Inc,A,1.85,401350,1.8999,1.7822,1.85,-0.03,0,0.06362162162162158,2026-03-14
AIM,AIM ImmunoTech Inc,A,0.7286,59942,0.7286,0.6702,0.7286,0.05,0,0.0801537194619819,2026-03-14
AIRI,Air Industries Group,A,3.27,67610,3.345,3.205,3.27,-0.05,256931,0.042813455657492394,2026-03-14
AMZE,Amaze Holdings Inc,A,0.3037,968697,0.3155,0.2771,0.3037,0.01,0,0.12644056634837006,2026-03-14
APT,Alpha Pro Tech Ltd,A,5.03,27527,5.115,5.03,5.03,-0.02,2988791,0.01689860834990059,2026-03-14
APUS,Apimeds Pharmaceuticals Us Inc,A,1.62,124833,1.63,1.42,1.62,0.21,0,0.1296296296296296,2026-03-14
AREN,The Arena Group Holdings Inc,A,2.83,43781,2.945,2.74,2.83,-0.01,0,0.07243816254416947,2026-03-14
ARMP,Armata Pharmaceuticals Inc,A,10.54,13800,11.3299,10.3601,10.54,-0.09,217163,0.0920113851992411,2026-03-14
ASM,Avino Silver & Gold Mines Ltd. Common Shares (Canada),A,6.84,6485341,7.34,6.81,6.84,-0.64,0,0.0774853801169591,2026-03-14
ATCH,AtlasClear Holdings Inc,A,0.21,1699710,0.2115,0.204549,0.21,-0.01,0,0.03309999999999993,2026-03-14
ATNM,Actinium Pharmaceuticals Inc,A,1.11,149387,1.1951,1.1,1.11,-0.02,2968526,0.08567567567567563,2026-03-14
AUST,Austin Gold Corp,A,1.37,383345,1.58,1.36,1.37,-0.12,0,0.1605839416058394,2026-03-14
AZTR,Azitra Inc,A,0.171,1435057,0.1799,0.16,0.171,-0.01,0,0.11637426900584795,2026-03-14
BATL,Battalion Oil Corp,A,18.71,5036570,21,18.32,18.71,-3.75,8977,0.14323890967397113,2026-03-14
BCHT,Birchtech Corp,A,2.1,138690,2.32,2.1,2.1,-0.19,0,0.10476190476190464,2026-03-14
BCV,Bancroft Fund Ltd,A,22.343,12988,22.96,22.34,22.343,-0.28,0,0.027749183189365843,2026-03-14
BESS,Bimergen Energy Corp,A,2.78,16968,2.88,2.6086,2.78,-0.05,0,0.0976258992805755,2026-03-14
BGI,Birks Group Inc,A,0.68999,27062,0.7,0.6683,0.68999,0.01,5273,0.045942694821664014,2026-03-14
BHB,Bar Harbor Bankshares Inc,A,31.17,143033,31.63,30.75,31.17,0.03,25107,0.028232274623034938,2026-03-14
BKTI,BK Technologies Corp,A,77.98,56354,80.01,74.53,77.98,-0.4,8674,0.07027442934085668,2026-03-14
BMNR,BitMine Immersion Technologies Inc,A,20.54,80720464,22.76,20.49,20.54,-0.01,0,0.1105160662122689,2026-03-14
BQ,Boqii Holding Ltd,A,1.19,36506,1.28,1.1701,1.19,-0.04,49776,0.09235294117647068,2026-03-14
BRBS,Blue Ridge Bankshares Inc,A,3.87,811663,3.95,3.755,3.87,-0.09,2124,0.050387596899224875,2026-03-14
BRN,Barnwell Industries Inc,A,1.13,191195,1.1425,1.07,1.13,-0.01,232591,0.06415929203539825,2026-03-14
BTG,B2Gold Corp Common shares (Canada),A,4.85,32774441,5.1,4.82,4.85,-0.25,0,0.05773195876288647,2026-03-14
BUDA,Buda Juice Inc,A,9.37,15968,9.945,8.55,9.37,1,0,0.14887940234791885,2026-03-14
BURU,Nuburu Inc,A,0.2279,18107138,0.25,0.2247,0.2279,-0.03,0,0.11101360245721803,2026-03-14
CANF,"Can-Fite Biopharma Ltd American Depositary Shares, each representing two (2) Ordinary Shares",A,3.6,53725,3.78,3.53,3.6,-0.12,0,0.06944444444444445,2026-03-14
CATX,Perspective Therapeutics Inc,A,5,1089511,5.24,4.875,5,-0.11,0,0.07300000000000004,2026-03-14
CCEL,Cryo-Cell International Inc,A,2.92,29815,3.1186,2.89,2.92,-0.19,0,0.07828767123287661,2026-03-14
CET,Central Securities Corp,A,50.25,27613,50.88,50.12,50.25,-0.05,18913,0.015124378109452838,2026-03-14
CHOW,ChowChow Cloud International Holdings Ltd,A,0.465,133640,0.5,0.462,0.465,-0.04,0,0.08172043010752683,2026-03-14
CIK,Credit Suisse Asset Mgmt Income Fund Inc,A,2.6,401318,2.6,2.585,2.6,0.03,0,0.005769230769230817,2026-03-14
CITR,CitroTech Inc. Common Stock,A,9.18,98998,10.15,8.9,9.18,-0.83,0,0.13616557734204793,2026-03-14
CLDI,Calidi Biotherapeutics Inc,A,0.3181,216331,0.3302,0.3135,0.3181,-0.02,0,0.05249921408362148,2026-03-14
CLM,Cornerstone Strategic Value Fund Inc,A,7.49,6517725,7.58,7.48,7.49,0.03,0,0.013351134846461901,2026-03-14
CMCL,Caledonia Mining Corp PLC,A,25.23,256044,26.4,25,25.23,-0.78,0,0.05548949663099479,2026-03-14
CMT,Core Molding Technologies Inc,A,19.32,18790,19.78,19.03,19.32,-0.15,9967,0.03881987577639751,2026-03-14
CNL,Collective Mining Ltd. Common Shares,A,15.28,78861,16.51,15.27,15.28,-1.27,0,0.08115183246073311,2026-03-14
COE,China Online Education Group,A,19.135,12120,23.01,19.135,19.135,-4.71,6458,0.20250849229161222,2026-03-14
COHN,Cohen & Co Inc,A,17.14,11812,17.73,16.76,17.14,0.39,37986,0.056592765460910084,2026-03-14
CPHI,China Pharma Holding Inc,A,0.6023,24947,0.62,0.5614,0.6023,-0.04,2583800,0.09729370745475675,2026-03-14
CRF,Cornerstone Total Return Fund Inc,A,7.22,4985739,7.28,7.18,7.22,0.07,0,0.013850415512465448,2026-03-14
CTGO,Contango Ore Inc,A,23.34,257638,25.375,23.24,23.34,-1.88,0,0.09147386461011146,2026-03-14
CTM,Castellum Inc,A,0.83,722248,0.884149,0.8287,0.83,-0.03,0,0.06680602409638552,2026-03-14
CVM,CEL-SCI Corp,A,3.57,41589,3.72,3.45,3.57,0.05,957937,0.07563025210084034,2026-03-14
CVU,CPI Aerostructures Inc,A,4.52,90052,4.71,4.42,4.52,-0.13,81106,0.06415929203539825,2026-03-14
DC,Dakota Gold Corp,A,5.51,1558267,6.05,5.5,5.51,-0.51,0,0.09981851179673318,2026-03-14
DDC,DDC Enterprise Ltd,A,2.21,119872,2.42,2.21,2.21,-0.13,0,0.09502262443438912,2026-03-14
DHY,Credit Suisse High Yield Credit Fund,A,1.86,521467,1.88,1.85,1.86,0,0,0.01612903225806441,2026-03-14
DNN,Denison Mines Corp Ordinary Shares (Canada),A,3.82,59416405,4.09,3.77,3.82,-0.19,0,0.08376963350785337,2026-03-14
DSS,DSS Inc,A,0.9503,26273,1.06,0.916,0.9503,0.05,1358338,0.15153109544354415,2026-03-14
DVS,Dolly Varden Silver Corporation Common Shares,A,3.89,1418714,4.21,3.86,3.89,-0.3,0,0.08997429305912598,2026-03-14
DXF,Dunxin Financial Holdings Ltd,A,0.9669,61773,1.12,0.922,0.9669,-0.13,43814,0.2047781569965871,2026-03-14
EAD,Allspring Income Opportunities Fund,A,6.53,194318,6.6799,6.525,6.53,-0.05,0,0.02372128637059718,2026-03-14
ECF,Ellsworth Growth and Income Fund Ltd,A,11.44,24219,11.5258,11.385,11.44,0.01,0,0.012307692307692351,2026-03-14
EIM,Eaton Vance Municipal Bond Fund,A,9.95,96394,9.99,9.94,9.95,-0.03,0,0.005025125628140776,2026-03-14
ELA,Envela Corp,A,11.95,85641,12.6,11.87,11.95,-0.59,0,0.06108786610878665,2026-03-14
ELMD,Electromed Inc,A,23.51,44291,23.66,23.0138,23.51,0.24,69473,0.027486176095278616,2026-03-14
EONR,EON Resources Inc,A,1.53,142453310,1.58,1.3,1.53,0.18,0,0.18300653594771243,2026-03-14
EP,Empire Petroleum Corp,A,3.09,41973,3.1799,3,3.09,-0.01,0,0.05822006472491908,2026-03-14
EPM,Evolution Petroleum Corp,A,4.69,413716,4.765,4.64,4.69,-0.07,137379,0.026652452025586353,2026-03-14
EQX,Equinox Gold Corp. Common Shares,A,14.57,8864371,15.82,14.53,14.57,-1.35,0,0.08853809196980102,2026-03-14
ERC,Allspring Multi-Sector Income Fund,A,8.91,82200,9.01,8.91,8.91,-0.08,0,0.01122334455667785,2026-03-14
ERH,Allspring Utilities and High Income Fund,A,12.3,23820,12.4666,12.248,12.3,0.05,0,0.017772357723577263,2026-03-14
ESP,Espey Manufacturing & Electronics Corp,A,58,24944,58,55.295,58,3.65,2290,0.04663793103448273,2026-03-14
EVI,EVI Industries Inc,A,19.03,20882,19.3,18.55,19.03,-0.21,47987,0.03941145559642669,2026-03-14
EVV,Eaton Vance Ltd Duration Income Fund,A,9.38,428654,9.56,9.37,9.38,-0.06,0,0.020255863539445765,2026-03-14
EXOD,Exodus Movement Inc,A,8.97,162218,9.96,8.89,8.97,-0.99,0,0.11928651059085844,2026-03-14
FAX,Aberdeen Asia-pacific Income Fund Inc,A,15.32,309657,15.61,15.27,15.32,0.06,0,0.022193211488250642,2026-03-14
FCO,abrdn Global Income Fund Inc,A,3.1,97728,3.11,3.06,3.1,0.03,0,0.016129032258064457,2026-03-14
FJET,Starfighters Space Inc,A,7.11,1011649,8.39,6.95,7.11,-0.49,0,0.2025316455696203,2026-03-14
FLYX,flyExclusive Inc,A,2.33,97093,2.39,2.22,2.33,-0.02,0,0.0729613733905579,2026-03-14
FSI,Flexible Solutions International Inc,A,5.65,11417,5.8,5.49,5.65,-0.05,40347,0.05486725663716807,2026-03-14
FSP,Franklin Street Properties Corp,A,0.6236,507163,0.6523,0.6078,0.6236,0.01,373741,0.07135984605516353,2026-03-14
FTF,Franklin Limited Duration Income Trust,A,5.92,159307,5.965,5.902,5.92,-0.02,0,0.010641891891891846,2026-03-14
FURY,Fury Gold Mines Ltd,A,0.6103,1081660,0.6713,0.61,0.6103,-0.07,0,0.10044240537440607,2026-03-14
GAU,Galiano Gold Inc.,A,2.56,9962844,2.88,2.52,2.56,-0.35,0,0.14062499999999994,2026-03-14
GBR,New Concept Energy Inc,A,0.99,267014,1,0.92,0.99,0.01,53510,0.08080808080808077,2026-03-14
GCDT,Green Circle Decarbonize Technology Ltd,A,2.04,33889,2.3908,2.01,2.04,-0.08,0,0.1866666666666668,2026-03-14
GENC,Gencor Industries Inc,A,14.67,26816,15.375,14.49,14.67,-0.37,35317,0.06032719836400816,2026-03-14
GGN,GAMCO Global Gold Natural Resources & Income Trust,A,5.31,506614,5.48,5.31,5.31,-0.17,0,0.03201506591337115,2026-03-14
GLDG,GoldMining Inc. Common Shares,A,1.39,3580948,1.49,1.37,1.39,-0.1,0,0.08633093525179848,2026-03-14
GLO,Clough Global Opportunities Fund,A,5.67,86512,5.76,5.65,5.67,-0.04,0,0.019400352733685965,2026-03-14
GLQ,Clough Global Equity Fund,A,7.68,54859,7.84,7.68,7.68,-0.08,0,0.020833333333333353,2026-03-14
GLU,Gabelli Global Utility & Income Trust,A,19.85,11314,20.43,19.85,19.85,-0.07,0,0.029219143576826107,2026-03-14
GLV,Clough Global Dividend and Income Fund,A,6.09,12560,6.1,6.05,6.09,0.06,0,0.008210180623973698,2026-03-14
GNS,Genius Group Ltd,A,0.39,1538909,0.4,0.3628,0.39,0.04,0,0.09538461538461541,2026-03-14
GORO,Gold Resource Corp,A,1.31,1750973,1.42,1.3,1.31,-0.08,765588,0.0916030534351144,2026-03-14
GPUS,Hyperscale Data Inc,A,0.1635,14305475,0.175,0.1612,0.1635,-0.01,0,0.08440366972477051,2026-03-14
GRO,Brazil Potash Corp,A,3.4,1453194,3.72,3.31,3.4,-0.25,0,0.12058823529411769,2026-03-14
GROY,Gold Royalty Corp,A,3.95,3794516,4.1,3.895,3.95,-0.12,0,0.05189873417721509,2026-03-14
GTE,Gran Tierra Energy Inc,A,8.21,727977,8.39,7.9,8.21,0.05,0,0.059683313032886744,2026-03-14
HCWC,Healthy Choice Wellness Corp,A,0.287,617507,0.310099,0.283,0.287,-0.01,0,0.0944216027874566,2026-03-14
HSLV,Highlander Silver Corp. Common Shares,A,6.18,288033,6.74,6.01,6.18,-0.15,0,0.11812297734627838,2026-03-14
HYLN,Hyliion Holdings Corp,A,2.01,1036043,2.125,1.98,2.01,-0.07,118351,0.07213930348258708,2026-03-14
IAF,Aberdeen Australia Equity Fund Inc,A,12.67,58545,12.925,12.6401,12.67,-0.05,0,0.022486187845303898,2026-03-14
IAUX,i-80 Gold Corp. Common Shares,A,1.66,12711763,1.7499,1.63,1.66,-0.07,0,0.07222891566265068,2026-03-14
IBO,Impact BioMedical Inc,A,0.4552,517392,0.5433,0.43,0.4552,-0.11,0,0.24890158172231988,2026-03-14
IDR,Idaho Strategic Resources Inc,A,34.99,192528,38,34.6348,34.99,-2.02,0,0.09617605030008577,2026-03-14
IE,Ivanhoe Electric Inc,A,12.34,2650369,13.26,12.08,12.34,-0.58,0,0.09562398703403563,2026-03-14
IGC,IGC Pharma Inc,A,0.283,448195,0.29869,0.275,0.283,-0.01,371636,0.08371024734982328,2026-03-14
IMO,Imperial Oil Limited Common Stock,A,120.41,582181,122.07,119.74,120.41,-1.13,0,0.019350552279710973,2026-03-14
INDO,Indonesia Energy Corp Ltd,A,4.59,2859197,4.65,4.35,4.59,-0.15,34325,0.06535947712418316,2026-03-14
INFU,InfuSystems Holdings Inc,A,9.31,82398,9.4299,9.23,9.31,-0.08,74120,0.021471535982814125,2026-03-14
INTT,inTest Corp,A,13.97,143589,14.48,13.37,13.97,-0.51,18619,0.07945597709377246,2026-03-14
INUV,Inuvo Inc,A,2.52,167317,2.72,2.52,2.52,-0.15,413107,0.07936507936507943,2026-03-14
ISOU,IsoEnergy Ltd. Common Shares,A,10.61,51160,11.1,10.48,10.61,-0.27,0,0.05843543826578692,2026-03-14
ITP,IT Tech Packaging Inc,A,0.1899,29071,0.1931,0.1825,0.1899,0.01,25185,0.05581885202738282,2026-03-14
ITRG,Integra Resources Corp. Common Shares,A,3.21,6863805,3.47,3.13,3.21,-0.26,0,0.10591900311526489,2026-03-14
JAGU,Jaguar Uranium Corp,A,1.64,689556,1.73,1.44,1.64,-0.02,0,0.17682926829268297,2026-03-14
JOB,GEE Group Inc,A,0.246,738085,0.2478,0.229,0.246,0.01,59920,0.07642276422764221,2026-03-14
KAPA,Kairos Pharma Ltd,A,0.6018,79925,0.6231,0.6008,0.6018,0.01,0,0.03705550016616814,2026-03-14
KNRX,Knorex Ltd,A,1.105,84337,1.2442,1.1,1.105,-0.12,0,0.130497737556561,2026-03-14
KULR,KULR Technology Group Inc,A,2.76,990479,2.92,2.715,2.76,-0.06,0,0.07427536231884062,2026-03-14
LCTX,Lineage Cell Therapeutics Inc,A,1.61,1398752,1.71,1.595,1.61,0.03,1115181,0.07142857142857142,2026-03-14
LEGT,Legato Merger Corp III,A,10.94,120158,10.98,10.94,10.94,-0.01,0,0.0036563071297989877,2026-03-14
LGCY,Legacy Education Inc,A,13.62,25858,13.65,13.15,13.62,0.52,0,0.03671071953010279,2026-03-14
LGPS,LogProstyle Inc,A,0.7705,10904,0.7837,0.7682,0.7705,-0.06,0,0.020116807268007734,2026-03-14
LODE,Comstock Inc,A,3.15,614982,3.38,3.13,3.15,-0.17,321434,0.07936507936507936,2026-03-14
LSF,Laird Superfood Inc,A,2.4,39974,2.45,2.31,2.4,-0.1,0,0.05833333333333339,2026-03-14
LUD,Luda Technology Group Ltd,A,3.81,469170,4.85,3.5201,3.81,0.02,0,0.34905511811023615,2026-03-14
LXFR,Luxfer Holdings PLC,N,11.6,295941,11.79,11.3825,11.6,-0.04,100523,0.03512931034482749,2026-03-14
MAIA,MAIA Biotechnology Inc,A,1.53,662157,1.58,1.49,1.53,-0.04,0,0.058823529411764754,2026-03-14
MCRP,Micropolis AI Robotics,A,3.71,91737,4.38,3.71,3.71,-0.26,0,0.18059299191374661,2026-03-14
MGLD,The Marygold Companies Inc,A,1.01725,15793,1.05,0.93,1.01725,-0.03,0,0.1179651019906611,2026-03-14
MHH,Mastech Digital Inc,A,6.17,13368,6.53,6.11,6.17,-0.33,58038,0.06807131280388978,2026-03-14
MI,NFT Ltd,A,0.571,1214464,0.649,0.5696,0.571,-0.07,0,0.1390542907180386,2026-03-14
MINE,Mayfair Gold Corp. Common Shares,A,3.4,22861,3.59,3.4,3.4,-0.1,0,0.05588235294117646,2026-03-14
MITQ,Moving iMage Technologies Inc,A,0.5521,29980,0.57,0.5513,0.5521,-0.02,0,0.03387067560224586,2026-03-14
MLSS,Milestone Scientific Inc,A,0.288,86771,0.2968,0.2755,0.288,-0.01,463253,0.07395833333333329,2026-03-14
MMA,Mixed Martial Arts Group Ltd,A,0.409,277657,0.4498,0.395749,0.409,-0.04,0,0.13215403422982877,2026-03-14
MPTI,M-Tron Industries Inc,A,64.85,12776,66.19,64.5901,64.85,-1.85,0,0.024670778720123226,2026-03-14
MPU,Mega Matrix Inc,A,0.84,21509,0.869,0.84,0.84,-0.02,0,0.034523809523809554,2026-03-14
MRT,Marti Technologies Inc,A,2.08,15408,2.17,2.03,2.08,-0.02,0,0.06730769230769236,2026-03-14
MTA,Metalla Royalty & Streaming Ltd. Common Shares,A,7.67,1178407,8.21,7.52,7.67,-0.55,0,0.08996088657105623,2026-03-14
MXC,Mexco Energy Corp,A,12.1,45068,12.5,11.3001,12.1,-0.15,10827,0.09916528925619832,2026-03-14
MYO,Myomo Inc,A,0.6967,326169,0.7258,0.6901,0.6967,0.01,603024,0.05124156738912007,2026-03-14
NAK,"Northern Dynasty Minerals, Ltd. Common Stock",A,1.31,6068258,1.36,1.3028,1.31,-0.02,0,0.043664122137404685,2026-03-14
NBH,Neuberger Berman Municipal Fund Inc,A,10.26,62099,10.285,10.23,10.26,0.03,0,0.005360623781676386,2026-03-14
NBY,NovaBay Pharmaceuticals Inc,A,1.21,186818,1.28,1.14,1.21,-0.06,307149,0.11570247933884308,2026-03-14
NCL,Northann Corp,A,0.148,79021,0.162,0.1466,0.148,-0.01,0,0.10405405405405405,2026-03-14
NEWP,New Pacific Metals Corp. Common Shares,A,4.12,1139189,4.37,4.06,4.12,-0.3,0,0.07524271844660206,2026-03-14
NFGC,New Found Gold Corp Common Shares,A,2.29,2476531,2.43,2.262,2.29,-0.13,0,0.07336244541484722,2026-03-14
NG,Novagold Resources Inc.,A,10.41,3610600,11.3433,10.35,10.41,-0.83,0,0.09541786743515847,2026-03-14
NGD,New Gold Inc.,A,9.98,13984149,10.67,9.91,9.98,-0.74,0,0.07615230460921842,2026-03-14
NHC,National Healthcare Corp,A,161.44,51900,161.44,157.04,161.44,5.56,40703,0.02725470763131817,2026-03-14
NHS,Neuberger Berman High Yield Strategies Fund Inc,A,6.96,1233534,7.09,6.935,6.96,-0.27,0,0.02227011494252877,2026-03-14
NML,Neuberger Berman Energy Infrastructure & Income Fund Inc,A,10.03,136342,10.11,9.95,10.03,-0.01,0,0.01595214356929214,2026-03-14
NNVC,Nanoviricides Inc,A,1.18,323381,1.18,1.08,1.18,0.02,3840811,0.08474576271186429,2026-03-14
NRO,NEUBERGER BERMAN REAL ESTATE SECURITIES INCOME FUND INC,A,2.95,122678,2.99,2.95,2.95,0,0,0.013559322033898317,2026-03-14
NRXS,Neuraxis Inc,A,6.86,511232,7.4299,6.5373,6.86,0.38,0,0.13011661807580172,2026-03-14
NTIP,Network-1 Technologies Inc,A,1.49,10702,1.49,1.4,1.49,0,19726,0.06040268456375844,2026-03-14
OBE,Obsidian Energy Ltd. Common Shares,A,8.52,787158,8.64,8.415,8.52,-0.07,0,0.02640845070422552,2026-03-14
OGEN,Oragenics Inc,A,0.886,400169,0.99,0.8525,0.886,-0.08,944302,0.15519187358916472,2026-03-14
OPHC,OptimumBank Holdings Inc,A,5.42,15772,5.47,5.3352,5.42,-0.08,1612,0.024870848708486968,2026-03-14
OPTT,Ocean Power Technologies Inc,A,0.3792,13495967,0.4127,0.358,0.3792,-0.04,305458,0.14425105485232076,2026-03-14
ORLA,Orla Mining Ltd. Common Shares,A,16.32,2171643,17.1,15.95,16.32,-0.81,0,0.07046568627450993,2026-03-14
OSTX,OS Therapies Inc,A,1.55,440731,1.56,1.48,1.55,0.03,0,0.05161290322580649,2026-03-14
OTH,Off The Hook YS Inc,A,2.3901,13743,2.555,2.33,2.3901,0.12,0,0.09413832057236103,2026-03-14
OZ,Belpointe PREP LLC,A,53.19,20653,53.19,52.025,53.19,1.07,0,0.021902613273171632,2026-03-14
PAPL,Pineapple Financial Inc,A,0.69,717542,0.7612,0.6395,0.69,0.06,0,0.17637681159420296,2026-03-14
PED,PEDEVCO Corp,A,18.18,102416,18.89,15.0001,18.18,2.68,24008,0.213965896589659,2026-03-14
PHGE,BiomX Inc,A,6.19,67068,6.7502,5.84,6.19,-0.18,0,0.14704361873990315,2026-03-14
PLAG,Planet Green Holdings Corp,A,2.11,93770,2.44,2.11,2.11,-0.21,59212,0.15639810426540288,2026-03-14
PLG,Platinum Group Metals Ltd. Ordinary Shares (Canada),A,1.95,4545162,2.2,1.915,1.95,-0.26,0,0.14615384615384622,2026-03-14
PLX,Protalix BioTherapeutics Inc,A,2.83,705602,2.88,2.78,2.83,0.04,145708,0.035335689045936425,2026-03-14
PMI,Picard Medical Inc,A,1.23,202056,1.35,1.23,1.23,-0.06,0,0.09756097560975618,2026-03-14
PMNT,Perfect Moment Ltd,A,0.2359,812363,0.249599,0.220201,0.2359,0.01,712036,0.12462060194997872,2026-03-14
POAS,Phaos Technology Holdings Cayman Ltd,A,1.43,66500,1.5,1.42,1.43,-0.03,0,0.055944055944056,2026-03-14
PRK,Park National Corp,A,156.12,79121,161.96,155.5001,156.12,-1.66,37158,0.041377786318216786,2026-03-14
PTHS,Pelthos Therapeutics Inc,A,24.5,13121,29.25,24.5,24.5,1.25,0,0.19387755102040816,2026-03-14
PTN,Palatin Technologies Inc,A,23.5,20497,23.78,21.43,23.5,1.46,0,0.10000000000000006,2026-03-14
PZG,Paramount Gold Nevada Corp,A,2.09,2016076,2.215,1.995,2.09,-0.13,34213,0.10526315789473673,2026-03-14
QNC,Quantum eMotion Corp. Common Shares,A,3.03,249006,3.18,2.97,3.03,0.02,0,0.0693069306930693,2026-03-14
REED,Reed's Inc,A,4.1,59156,4.13,3.51,4.1,0.41,10953,0.151219512195122,2026-03-14
REI,Ring Energy Inc,A,1.5,5160007,1.5159,1.4412,1.5,-0.02,983720,0.04979999999999999,2026-03-14
REPX,Riley Exploration Permian Inc,A,33.2,399325,33.72,32.835,33.2,-0.59,0,0.026656626506024034,2026-03-14
RLGT,Radiant Logistics Inc,A,6.81,168714,6.85,6.72,6.81,0.01,172710,0.019089574155653436,2026-03-14
ROLR,High Roller Technologies Inc,A,3.81,84789,3.98,3.78,3.81,-0.12,0,0.05249343832021002,2026-03-14
RYDE,Ryde Group Ltd,A,0.6905,780022,0.7588,0.65,0.6905,-0.05,0,0.15756698044895004,2026-03-14
SACH,Sachem Capital Corp,A,1.05,319923,1.1,1.04,1.05,0.01,82996,0.05714285714285719,2026-03-14
SBEV,Splash Beverage Group Inc,A,0.524,77463,0.55,0.5213,0.524,0.01,0,0.05477099236641232,2026-03-14
SCCE,Sachem Capital Corp. 6.00% Notes due 2027,A,23.45,14557,23.85,23.33,23.45,0.08,0,0.02217484008528798,2026-03-14
SCCF,Sachem Capital Corp. 7.125% Notes due 2027,A,23.47,12109,23.47,23.39,23.47,0.44,0,0.003408606731998223,2026-03-14
SEB,Seaboard Corp,A,5025.99,14553,5123.66,4994.16,5025.99,29.18,506,0.025766067978646993,2026-03-14
SER,Serina Therapeutics Inc,A,1.55,36502,1.55,1.46,1.55,-0.01,0,0.05806451612903231,2026-03-14
SGN,Signing Day Sports Inc,A,0.6995,46541088,0.88,0.6961,0.6995,-0.19,0,0.2629020729092208,2026-03-14
SIF,SIFCO Industries Inc,A,13,29401,14.23,13,13,-1.19,26511,0.09461538461538464,2026-03-14
SLI,Standard Lithium Ltd. Common Shares,A,4.27,1224586,4.44,4.225,4.27,-0.08,0,0.05035128805620627,2026-03-14
SLND,Southland Holdings Inc,A,0.7882,348099,0.8856,0.724,0.7882,0.07,0,0.20502410555696532,2026-03-14
SLSR,Solaris Resources Inc. Common Shares,A,8.45,146490,9.095,8.45,8.45,-0.63,0,0.07633136094674572,2026-03-14
SMJF,SMJ International Holdings Inc,A,3.21,38969,3.36,2.95,3.21,0.01,0,0.12772585669781922,2026-03-14
SOAR,Volato Group Inc,A,0.3246,3608210,0.3435,0.3078,0.3246,-0.02,0,0.10998151571164513,2026-03-14
SRXH,SRX HealthSolutions Inc,A,0.1431,77278757,0.1535,0.135,0.1431,0.01,0,0.12928022361984617,2026-03-14
STRW,Strawberry Fields REIT Inc,A,12.88,17518,12.95,12.6409,12.88,0.08,0,0.023998447204968867,2026-03-14
STXS,Stereotaxis Inc,A,1.89,425040,1.94,1.85,1.89,0.01,298323,0.04761904761904755,2026-03-14
SVM,Silvercorp Metals Inc. Common Shares,A,10.8,5955729,11.48,10.71,10.8,-0.74,0,0.07129629629629625,2026-03-14
SYNX,Silynxcom Ltd,A,1.07,181390,1.22,1.07,1.07,-0.16,0,0.14018691588785037,2026-03-14
TGB,"Taseko Mines, Ltd. Common Stock",A,6.6,5013484,6.98,6.55,6.6,-0.41,0,0.06515151515151525,2026-03-14
TGEN,Tecogen Inc,A,2.76,330768,2.95,2.63,2.76,0.05,20711,0.11594202898550736,2026-03-14
THM,"International Tower Hill Mines, Ltd. Ordinary Shares (Canada)",A,2.57,1339888,2.83,2.5,2.57,-0.21,0,0.12840466926070043,2026-03-14
TII,Titan Mining Corporation Common Shares,A,3.38,296064,3.62,3.32,3.38,-0.14,0,0.08875739644970422,2026-03-14
TMDE,TMD Energy Ltd,A,2.33,2480229,2.58,2.16,2.33,-0.1,0,0.18025751072961368,2026-03-14
TMP,Tompkins Financial Corp,A,74,61285,75.62,73.84,74,-0.4,39130,0.02405405405405407,2026-03-14
TMQ,Trilogy Metals Inc. Common Stock,A,3.89,3481659,4.15,3.85,3.89,-0.21,0,0.07712082262210804,2026-03-14
TOON,Kartoon Studios Inc,A,0.546,214781,0.562,0.5413,0.546,-0.01,0,0.037912087912088006,2026-03-14
TOPP,Toppoint Holdings Inc,A,0.7872,49336,0.8199,0.7106,0.7872,-0.04,0,0.13884654471544708,2026-03-14
TOPS,TOP Ships Inc,A,3.6,238393,3.69,3.2,3.6,0.34,504071,0.13611111111111104,2026-03-14
TOVX,Theriva Biologics Inc,A,0.1752,1928021,0.18,0.172,0.1752,-0.01,0,0.045662100456621044,2026-03-14
TPET,Trio Petroleum Corp,A,1.52,21642847,1.62,1.47,1.52,-0.25,0,0.09868421052631587,2026-03-14
TRT,Trio-Tech International,A,5.9,40777,6.36,5.7,5.9,-0.3,8181,0.11186440677966103,2026-03-14
TRX,TRX Gold Corporation Common Stock,A,1.6,4614246,1.74,1.59,1.6,-0.14,0,0.09374999999999994,2026-03-14
UAVS,AgEagle Aerial Systems Inc,A,1.06,2335150,1.1,1.04,1.06,-0.02,215773,0.05660377358490571,2026-03-14
UEC,Uranium Energy Corp,A,13.41,9713492,14.77,13.335,13.41,-0.68,843725,0.1070096942580163,2026-03-14
UMAC,Unusual Machines Inc,A,20.4,6070640,23,19.9,20.4,-1.75,0,0.15196078431372556,2026-03-14
URG,Ur Energy Inc Common Shares (Canada),A,1.6,9698804,1.705,1.57,1.6,0.01,0,0.084375,2026-03-14
USAS,"Americas Gold and Silver Corporation Common Shares, no par value",A,7.36,4920738,8.075,7.279,7.36,-0.67,0,0.1081521739130434,2026-03-14
USBC,USBC Inc,A,0.345641,307066,0.39,0.345,0.345641,-0.02,0,0.13019288799650516,2026-03-14
UTG,Reaves Utility Income Fund,A,40.38,202839,40.74,40.16,40.38,0.25,0,0.014363546310054615,2026-03-14
UUU,Universal Safety Products Inc,A,5.85,62913,6.15,5.83,5.85,0.02,44180,0.05470085470085475,2026-03-14
UUUU,Energy Fuels Inc Ordinary Shares (Canada),A,18.67,9634004,20.54,18.63,18.67,-1.15,0,0.10230316014997322,2026-03-14
VENU,Venu Holding Corp,A,3.39,499376,3.645,3.33,3.39,-0.05,0,0.09292035398230086,2026-03-14
VFL,Delaware Investments Natl Muni Income,A,10.08,41111,10.138,10.06,10.08,0.01,0,0.0077380952380951785,2026-03-14
VGZ,Vista Gold Corp,A,2.07,2187577,2.11,2.0032,2.07,0.01,255974,0.05159420289855062,2026-03-14
VKI,Invesco Advantage Municipal Income Trust II,A,9.33,90548,9.39,9.28,9.33,0.08,0,0.011789924973204845,2026-03-14
VNRX,VolitionRX Ltd,A,0.1904,1423787,0.2099,0.1818,0.1904,-0.01,114493,0.14758403361344544,2026-03-14
VNTG,Vantage Corp,A,0.81,11431,0.8343,0.808,0.81,0.01,0,0.03246913580246912,2026-03-14
VTAK,Catheter Precision Inc,A,1.36,166482,1.45,1.32,1.36,-0.11,0,0.09558823529411756,2026-03-14
VZLA,Vizsla Silver Corp. Common Shares,A,3.59,6674626,3.87,3.55,3.59,-0.29,0,0.08913649025069646,2026-03-14
WRN,Western Copper and Gold Corporation Common Stock,A,2.77,1578925,2.95,2.75,2.77,-0.18,0,0.07220216606498202,2026-03-14
WWR,Westwater Resources Inc,A,0.761,973609,0.7899,0.7569,0.761,-0.03,227532,0.04336399474375825,2026-03-14
XPL,Solitario Resources Corp,A,0.87,245148,0.92,0.8601,0.87,-0.05,87549,0.06885057471264375,2026-03-14
XTNT,Xtant Medical Holdings Inc,A,0.621,115264,0.705,0.62,0.621,0.02,6899,0.13687600644122377,2026-03-14
YCBD,cbdMD Inc,A,0.71,311323,0.7229,0.6849,0.71,-0.02,773471,0.053521126760563434,2026-03-14
ZDGE,Zedge Inc,A,2.66,249930,3.05,2.56,2.66,-0.45,13976,0.18421052631578938,2026-03-14
ZONE,CleanCore Solutions Inc,A,0.342,960920,0.374524,0.336,0.342,-0.01,0,0.11264327485380117,2026-03-14